ID,Fatty_Acid_%,Lye_%,Water_%,Fragrance_%,Temp_Â°C,Time_min,Curing_days,pH,Moisture_%,Glycerin_%,Additive_%,Colorant_%,Preservative_%,Batch_Size_L,Viscosity_cP,TDS_ppm,Quality
1,19.99,11.49,25.7,1.54,53.8,44.8,25,8.02,12.98,2.08,0.95,2.96,1.07,79,573.4,458.3,Medium
2,29.21,10.68,32.84,1.46,53.4,42.9,11,8.73,16.34,2.9,4.59,0.83,1.99,29,864.7,150.5,Low
3,25.71,9.55,39.46,0.55,67.9,37.2,14,8.71,15.21,2.98,2.77,1.19,1.6,14,1248.7,149.3,Low
4,23.58,12.07,36.64,1.18,53.5,48.7,13,9.19,10.04,3.83,1.5,2.06,1.69,32,264.8,159.0,Medium
5,16.5,11.42,38.13,1.26,54.0,26.0,20,8.41,13.52,1.6,2.15,2.44,1.27,18,984.4,111.9,Low
6,16.5,8.81,35.18,1.3,64.7,23.3,9,8.39,12.54,3.16,1.56,1.25,0.08,67,1248.8,128.7,Low
7,14.93,12.55,35.85,1.66,57.9,45.6,24,8.79,15.38,4.33,3.63,0.93,0.41,68,404.0,363.9,Low
8,27.86,12.11,38.98,1.57,65.1,33.2,22,8.81,14.79,3.34,3.98,2.81,1.85,89,219.5,272.6,Medium
9,23.62,12.75,26.99,1.72,49.4,45.4,25,8.55,14.52,2.31,4.16,2.03,0.73,63,606.5,405.4,Medium
10,25.33,11.63,31.79,2.03,58.7,46.8,25,8.51,11.72,2.91,4.93,0.36,0.21,55,964.6,497.0,Medium
11,14.33,11.07,26.42,2.13,48.7,21.9,24,8.59,15.44,3.38,3.96,0.21,1.4,31,379.8,363.6,Low
12,29.52,10.09,41.75,1.94,49.4,46.5,22,9.18,9.42,2.83,3.01,1.45,0.6,73,754.0,120.2,High
13,27.32,12.66,40.88,2.41,67.9,33.4,14,8.54,10.28,0.27,1.7,0.66,0.54,17,918.0,141.8,Medium
14,17.4,12.33,22.79,0.54,51.1,35.3,7,9.3,11.68,1.04,2.72,0.76,2.0,29,978.5,452.4,Low
15,16.91,8.23,36.11,0.89,59.7,38.8,23,8.61,9.61,3.69,0.21,2.63,1.72,60,556.7,311.0,Low
16,16.93,8.13,40.5,0.52,57.0,47.8,18,9.32,10.88,1.37,3.72,0.27,0.82,87,720.0,429.9,Low
17,18.87,9.88,25.61,1.79,55.6,20.6,17,9.13,15.64,3.35,2.23,2.15,1.96,48,1211.8,442.6,Low
18,22.4,12.05,33.36,2.3,67.8,34.3,11,8.38,16.59,1.8,0.1,0.81,1.3,46,1423.6,471.1,Low
19,20.91,12.94,40.31,0.99,48.5,40.6,18,9.18,11.44,2.44,0.31,2.28,1.48,59,1320.4,479.9,Medium
20,18.66,8.75,22.68,2.35,62.6,41.7,23,7.98,11.12,0.49,1.94,2.17,0.06,43,933.6,321.9,Medium
21,23.79,10.97,35.95,0.62,69.2,40.8,12,9.28,11.24,0.98,2.92,0.02,0.24,84,733.4,236.4,Medium
22,16.23,9.9,27.95,2.37,60.3,24.0,7,8.81,11.22,4.32,2.32,1.53,1.27,42,632.8,484.7,Low
23,18.67,12.85,40.49,1.2,68.6,29.0,11,7.89,9.29,4.03,3.1,0.42,1.8,40,362.4,319.0,Medium
24,19.86,12.21,41.42,0.7,49.1,30.8,20,8.83,16.42,3.0,2.4,2.6,1.25,63,338.5,125.7,Low
25,21.3,12.19,40.89,1.47,57.2,44.1,11,9.36,10.71,2.18,3.31,2.61,0.27,53,1094.9,357.1,Medium
26,26.56,10.34,31.48,1.01,53.7,28.4,7,7.91,12.36,3.11,1.1,1.26,0.23,43,537.7,335.1,Medium
27,17.19,10.07,39.24,1.07,64.1,26.3,24,8.69,9.08,2.86,0.56,1.33,1.69,80,531.1,458.3,Low
28,22.23,9.37,38.89,1.11,69.6,48.7,22,9.0,15.86,2.64,2.98,0.91,0.28,71,1497.7,361.3,Low
29,23.48,8.28,28.38,2.11,53.6,20.3,15,9.1,14.85,0.45,2.42,2.15,1.04,32,444.3,239.6,Medium
30,14.74,12.32,38.58,1.58,62.4,49.9,25,8.46,16.57,2.92,0.13,1.08,0.07,55,392.5,486.5,Low
31,23.72,12.06,22.74,1.12,52.4,40.3,11,8.13,15.25,3.51,1.9,0.8,0.16,65,328.3,420.6,Low
32,16.73,13.0,33.93,1.72,60.4,44.9,8,7.87,11.51,4.47,0.53,1.3,1.34,16,953.7,352.2,Low
33,15.04,12.98,26.6,1.93,58.2,28.8,21,8.73,10.98,0.25,2.66,0.27,1.38,98,1016.2,217.2,Low
34,29.18,10.78,24.41,1.05,69.4,20.4,13,8.52,14.58,3.34,1.98,2.24,0.68,70,674.8,249.4,Medium
35,29.45,11.84,23.54,1.33,61.4,42.1,10,9.32,11.91,2.66,3.07,0.04,0.43,12,896.0,368.0,High
36,26.93,12.72,35.93,0.74,55.7,45.0,7,7.9,13.53,2.07,4.03,1.93,1.63,47,1224.9,128.8,Medium
37,18.87,12.25,28.8,0.86,50.5,42.2,19,8.9,9.05,0.75,1.5,0.55,0.43,93,1263.5,202.7,Medium
38,15.56,9.24,36.5,1.86,51.3,24.3,13,7.84,9.5,1.96,4.81,0.7,1.08,43,1445.3,385.6,Low
39,24.95,10.25,23.31,0.86,53.0,42.6,21,8.07,13.28,1.72,2.68,1.91,1.94,53,1271.5,292.0,Medium
40,21.04,8.65,28.31,1.55,53.5,43.1,20,8.53,13.53,1.5,3.09,2.98,0.3,39,934.3,261.0,Medium
41,15.95,12.77,32.79,1.92,66.7,39.8,25,8.53,15.01,3.34,3.4,2.33,1.88,26,433.6,160.6,Low
42,21.92,11.03,37.81,0.71,60.3,43.0,24,8.9,10.06,3.21,3.33,0.68,0.37,68,329.7,276.7,Medium
43,14.55,9.14,28.38,1.63,59.5,45.4,16,9.26,13.11,2.73,2.55,0.53,1.13,19,270.9,408.3,Low
44,28.55,11.36,34.52,1.01,50.5,38.4,15,8.82,10.56,4.24,2.14,2.6,0.75,93,1066.5,205.6,High
45,18.14,11.09,39.72,2.43,66.9,22.7,14,9.33,9.75,1.7,0.27,1.33,1.93,27,1249.8,102.2,Medium
46,24.6,9.79,34.32,1.47,63.9,34.6,16,9.21,12.28,1.25,0.11,0.41,0.55,54,861.3,367.4,Medium
47,18.99,8.57,26.66,2.11,49.5,22.3,23,8.74,10.31,3.02,1.79,2.59,0.8,100,271.1,489.1,Medium
48,22.32,11.36,22.49,1.6,63.6,32.2,8,9.13,10.77,1.05,1.67,2.45,1.97,68,896.1,342.7,Medium
49,22.75,10.6,39.4,0.59,60.0,32.2,12,8.83,11.54,1.55,1.94,2.95,1.07,71,1416.5,148.0,Medium
50,16.96,11.86,22.43,1.77,49.8,22.0,11,7.93,11.08,1.17,0.69,2.73,1.01,68,976.9,228.3,Low
51,29.51,10.6,39.49,2.4,58.1,30.5,15,8.98,9.7,0.5,3.69,2.56,0.52,58,1252.3,447.1,Medium
52,26.4,12.26,32.58,1.7,58.7,23.3,11,7.95,9.72,3.76,4.28,0.16,1.4,72,1240.2,193.0,Medium
53,29.03,10.76,40.78,2.14,51.6,44.2,24,8.75,10.55,1.29,4.69,0.31,0.03,96,1411.8,343.1,Medium
54,28.32,10.8,37.98,2.27,68.8,48.4,15,8.92,9.4,2.23,2.46,1.71,0.1,41,1201.3,261.1,Medium
55,23.57,12.38,41.96,0.96,66.7,22.2,23,7.91,14.01,0.39,3.5,1.59,1.2,19,1172.0,183.1,Medium
56,28.75,10.02,29.01,0.92,62.7,48.7,23,8.17,11.3,3.21,4.28,1.37,0.68,20,504.3,425.4,Medium
57,15.42,8.67,37.34,1.72,58.2,35.7,18,9.27,11.24,1.62,2.09,1.19,1.91,79,277.9,397.1,Low
58,17.14,8.14,30.04,1.32,57.1,29.0,13,8.79,11.66,3.4,1.55,1.29,1.81,71,872.9,364.6,Low
59,14.72,11.78,31.6,2.18,62.3,22.3,9,8.19,14.3,1.97,4.68,1.71,1.43,56,361.8,194.5,Low
60,19.21,11.1,34.55,2.3,60.0,35.0,16,8.91,15.97,1.04,2.58,0.01,1.64,43,1450.9,139.1,Low
61,20.22,11.52,39.47,1.21,49.4,43.8,8,8.75,15.07,2.41,2.49,0.78,1.33,26,576.9,330.5,Low
62,18.34,9.06,41.68,0.97,59.3,41.2,9,8.6,14.82,0.76,0.89,1.55,0.25,63,1308.8,321.5,Medium
63,27.26,8.68,37.37,2.06,65.7,21.5,22,9.36,12.88,2.09,0.54,2.17,1.53,85,703.9,175.4,Medium
64,19.71,8.07,30.36,1.05,58.1,22.2,8,8.89,14.55,1.56,4.21,0.52,0.42,94,620.2,122.5,Medium
65,18.49,9.75,30.43,2.15,49.1,32.1,16,8.4,13.42,4.12,3.07,1.64,0.65,49,1415.7,132.3,Medium
66,22.68,10.95,36.75,1.35,65.3,28.9,12,9.08,10.73,0.46,1.63,2.14,1.64,28,672.3,497.1,Medium
67,16.25,9.96,26.78,1.84,52.4,27.0,17,9.22,10.67,3.18,0.96,1.33,1.07,76,707.4,413.4,Low
68,26.84,10.19,24.21,0.69,53.7,28.4,13,8.0,11.37,0.99,2.78,0.08,1.72,91,337.9,468.8,Medium
69,15.19,12.52,29.09,1.75,51.6,44.1,21,8.12,16.29,1.57,2.92,1.35,0.43,62,1071.6,178.0,Low
70,29.79,9.74,27.74,1.4,55.3,47.9,12,8.15,13.38,1.99,1.03,0.89,1.22,73,575.5,484.2,Medium
71,26.36,10.57,27.93,1.67,64.6,32.2,15,8.91,14.87,4.1,4.26,2.79,0.17,92,961.3,157.1,Medium
72,17.18,11.92,26.67,0.84,59.4,47.2,18,8.76,11.77,1.24,0.42,0.37,1.29,56,968.8,303.6,Low
73,14.09,9.98,22.84,1.97,52.5,29.6,25,8.79,12.26,0.59,1.78,1.96,1.53,15,1135.0,431.9,Low
74,27.05,11.11,22.36,2.23,67.3,34.3,9,9.31,10.0,1.57,3.4,0.16,1.17,25,1168.8,239.9,Medium
75,25.31,12.31,41.75,0.93,67.4,26.8,21,9.04,10.37,0.65,1.37,1.34,0.53,81,868.8,269.9,Medium
76,25.66,12.75,30.56,0.69,67.2,39.2,8,8.0,15.62,0.75,4.14,1.66,0.06,27,630.3,151.3,Low
77,26.34,8.74,29.69,0.55,53.3,49.4,8,8.36,13.68,2.67,3.7,0.89,0.24,61,1288.7,149.2,Medium
78,15.18,12.63,35.59,1.78,57.9,38.1,9,8.5,11.7,0.46,3.95,1.37,1.24,57,602.8,347.8,Low
79,19.74,10.46,26.37,1.71,69.7,30.7,12,8.43,15.42,0.33,0.6,0.49,1.87,52,859.8,370.2,Low
80,15.85,9.29,41.0,1.59,65.0,39.4,21,8.87,10.97,3.27,0.7,0.91,0.41,48,721.6,410.9,Low
81,27.81,10.3,37.73,0.96,48.6,23.7,16,9.23,16.81,1.76,1.43,1.86,1.47,58,1311.6,322.7,Low
82,23.97,12.9,23.79,1.28,49.4,46.7,15,8.29,11.76,0.74,2.59,0.91,1.73,21,761.5,358.3,Medium
83,19.29,10.46,30.35,1.69,58.2,35.1,7,8.68,11.7,1.29,3.74,2.7,1.04,19,701.9,105.4,Medium
84,15.02,9.64,39.58,1.49,68.0,33.5,22,9.06,11.5,2.96,4.18,1.89,1.34,80,1096.8,164.9,Low
85,18.98,11.17,40.89,2.48,59.9,37.6,12,8.47,9.98,1.38,3.52,1.32,1.63,64,983.2,494.0,Medium
86,19.2,9.2,31.35,0.77,59.0,38.7,15,8.07,9.89,2.33,4.64,0.12,0.52,10,339.4,130.4,Medium
87,25.67,8.38,34.27,1.89,50.3,22.2,10,8.56,14.18,0.72,3.69,1.5,0.59,58,860.6,371.5,Medium
88,24.2,8.64,25.34,1.31,62.4,40.5,8,7.89,16.0,2.73,1.53,2.29,0.0,45,1156.1,170.4,Low
89,28.2,8.64,41.82,1.36,66.1,27.3,10,9.31,15.32,1.56,1.33,0.8,1.93,30,1489.7,386.7,Low
90,21.56,8.76,26.63,1.94,56.4,41.4,7,7.92,10.13,2.9,3.48,2.42,1.84,46,1017.9,382.4,Medium
91,15.91,8.69,40.85,1.88,65.1,44.7,25,8.5,13.36,3.68,0.96,0.76,1.53,33,681.4,193.7,Low
92,25.41,11.2,34.99,2.48,69.2,44.1,16,8.65,9.84,2.83,0.46,2.47,0.16,64,494.0,207.9,Medium
93,26.17,8.91,34.15,0.76,52.5,36.6,21,9.38,9.36,1.47,2.66,0.26,0.9,34,1334.7,361.9,Medium
94,22.98,9.73,32.25,0.71,59.5,35.6,25,8.07,14.25,1.3,4.11,2.6,0.2,16,1258.9,256.0,Medium
95,26.34,12.48,26.61,1.95,54.3,24.3,22,7.98,13.28,1.61,0.51,1.5,0.03,90,504.1,177.8,Medium
96,21.9,10.37,25.53,1.66,65.4,43.3,10,7.81,9.66,0.91,3.96,0.89,1.23,80,460.8,392.7,Medium
97,22.36,11.34,26.41,1.05,60.7,28.1,8,8.05,9.28,0.98,4.06,0.8,1.92,80,1129.7,161.7,Medium
98,20.84,8.86,25.73,0.66,62.0,34.9,19,8.13,16.92,3.6,2.41,1.3,1.81,33,609.4,442.3,Low
99,14.41,8.96,37.59,0.67,65.6,28.5,7,8.81,9.24,1.85,0.29,3.0,1.39,20,598.3,305.9,Low
100,15.73,8.2,29.0,2.29,56.7,24.0,23,8.15,12.56,2.07,0.87,0.66,0.19,82,398.0,142.3,Low
101,14.5,8.84,23.16,0.88,68.1,38.9,19,7.83,13.04,2.75,3.54,0.31,0.55,21,543.2,377.6,Low
102,24.18,9.39,41.38,1.15,59.7,21.6,10,9.12,9.94,2.74,3.56,1.76,0.64,44,755.8,307.7,High
103,19.03,8.89,39.68,0.95,51.5,42.5,13,8.38,10.35,0.49,4.49,1.47,1.53,72,1152.7,219.2,Medium
104,22.14,8.44,40.56,1.21,63.3,29.5,23,8.37,11.81,3.78,2.91,1.57,1.6,77,637.2,269.0,Medium
105,28.52,8.6,41.9,0.64,65.5,20.0,15,8.28,15.09,0.96,0.62,2.0,0.77,66,627.2,219.3,Low
106,17.99,10.3,25.48,1.54,55.0,35.3,10,9.36,13.06,3.31,0.61,0.8,0.84,22,570.4,205.2,Low
107,20.57,9.03,29.92,0.64,66.9,21.4,25,8.07,14.1,3.52,3.61,2.73,0.09,32,821.8,165.4,Medium
108,26.09,9.82,37.16,2.1,67.9,28.3,7,9.24,16.88,3.27,0.92,1.31,0.58,92,434.8,245.1,Low
109,17.66,10.52,35.92,0.97,54.1,41.2,16,9.04,15.14,2.69,1.64,0.39,0.9,48,831.3,200.4,Low
110,15.23,11.45,25.08,1.58,69.6,21.9,10,7.92,12.47,0.26,2.44,2.23,0.23,97,1115.4,373.4,Low
111,18.64,8.2,38.32,2.26,51.1,45.2,15,9.38,12.57,1.75,0.12,1.93,0.91,89,238.7,373.6,Medium
112,16.58,12.0,26.49,1.8,52.4,20.1,19,8.23,13.95,2.8,1.24,0.95,1.71,21,212.7,300.7,Low
113,28.88,11.14,26.48,1.57,52.1,27.4,20,7.96,14.32,1.87,2.04,1.86,1.16,43,297.7,411.2,Medium
114,26.93,8.41,32.74,1.15,67.7,42.2,16,9.13,13.01,3.91,1.4,0.66,0.16,80,896.4,436.5,Medium
115,24.13,12.37,33.86,1.17,62.4,29.5,12,8.93,14.16,1.53,0.68,1.33,0.38,84,1310.8,331.9,Medium
116,27.94,12.6,33.6,1.84,51.3,23.1,22,8.79,9.19,1.46,3.64,2.7,0.95,40,206.3,347.6,Medium
117,26.86,8.31,23.83,2.49,57.7,30.8,12,8.05,12.44,1.34,4.07,0.4,0.72,71,1417.7,213.2,Medium
118,16.99,9.38,39.55,1.82,61.5,28.1,23,8.57,11.23,1.63,1.29,1.16,0.72,22,338.2,457.9,Low
119,28.28,12.03,27.31,1.62,49.8,45.3,16,9.05,10.03,2.6,3.87,2.46,1.06,40,1294.6,109.7,High
120,22.63,11.74,24.59,1.96,67.4,29.4,24,8.29,9.8,3.24,1.93,2.91,1.17,11,827.7,239.4,Medium
121,26.92,8.92,39.77,1.43,65.7,43.7,24,8.3,13.83,3.05,2.53,1.36,1.59,24,1057.2,388.7,Medium
122,28.34,9.05,41.11,0.62,59.1,46.8,9,7.81,13.19,3.67,4.28,1.52,0.68,66,863.9,132.0,Medium
123,19.09,9.85,39.24,1.62,69.3,33.0,21,8.08,11.03,4.01,3.75,1.72,1.61,84,820.2,173.3,Medium
124,15.76,10.42,38.19,2.42,57.2,47.3,21,9.2,12.77,3.71,4.03,2.8,0.68,43,1285.4,335.7,Low
125,17.65,11.09,35.1,0.85,69.7,31.3,10,8.51,12.94,0.28,0.68,2.57,0.11,77,1182.7,324.0,Low
126,20.83,9.84,33.02,1.88,62.7,48.9,15,9.37,10.56,3.36,0.35,0.51,1.11,84,828.4,395.6,Medium
127,27.09,10.31,23.74,0.9,62.0,22.7,25,8.43,14.22,1.1,4.47,1.31,1.18,38,345.1,425.0,Medium
128,27.77,11.74,30.17,1.57,51.7,40.6,23,8.94,15.25,0.77,1.94,1.39,1.87,75,350.0,151.4,Low
129,14.11,8.18,29.45,0.69,67.4,34.8,17,8.25,15.33,2.95,1.44,2.37,1.45,25,1242.0,107.4,Low
130,22.17,9.26,27.2,1.4,57.4,31.6,15,8.38,13.82,1.57,3.62,1.81,1.84,48,888.2,375.9,Medium
131,20.68,11.57,36.47,2.01,51.6,39.0,16,8.11,13.09,0.45,4.18,1.96,1.82,86,826.1,220.6,Medium
132,17.55,12.48,31.92,1.2,48.3,41.1,24,8.36,9.49,0.79,4.31,2.99,1.21,46,1084.7,350.4,Low
133,15.92,10.56,23.62,1.83,60.3,20.1,19,8.68,11.3,0.2,1.58,0.22,1.06,90,1316.5,160.2,Low
134,19.4,10.66,26.4,2.09,59.6,25.0,14,9.39,9.75,4.08,4.26,0.67,1.11,30,1017.5,287.6,Medium
135,29.09,8.54,35.67,2.35,63.8,41.4,13,8.86,16.71,0.31,0.2,1.22,1.96,53,1191.7,301.8,Low
136,19.17,10.24,23.52,0.97,67.6,40.0,23,8.12,10.08,1.1,0.25,1.04,1.55,28,1194.9,334.0,Medium
137,22.3,10.66,39.02,1.3,49.7,49.0,21,7.87,10.21,1.99,3.12,0.06,0.21,80,663.1,305.3,Medium
138,25.25,9.21,31.9,0.8,64.1,42.8,21,8.0,16.12,1.73,0.32,0.28,1.56,17,556.3,298.3,Low
139,19.82,9.35,31.61,2.48,52.1,48.5,7,8.7,16.55,4.12,1.62,2.04,0.34,86,1241.5,233.1,Low
140,29.55,9.89,33.85,2.35,66.9,41.1,20,9.02,15.13,0.37,3.36,2.64,0.89,75,690.3,128.5,Low
141,29.4,8.1,38.49,1.58,66.0,28.9,11,9.3,9.04,2.4,1.69,1.54,0.42,50,1374.3,135.8,Medium
142,18.03,9.61,28.96,2.18,59.9,23.2,17,7.83,9.01,3.13,0.9,1.62,1.38,84,290.6,273.5,Medium
143,21.96,9.06,35.56,1.54,63.6,43.5,22,8.64,12.02,4.21,1.41,0.77,1.75,97,275.7,242.3,Medium
144,18.81,9.64,33.31,1.75,54.9,39.3,8,8.55,10.15,2.87,2.29,2.3,0.58,79,1405.1,306.5,Medium
145,18.56,8.6,27.34,0.68,58.4,21.4,14,8.85,9.15,3.66,2.38,2.26,0.16,70,1043.0,221.9,Medium
146,14.59,12.45,39.57,2.01,66.1,30.8,17,8.7,12.71,0.56,3.92,1.77,0.6,35,693.5,375.2,Low
147,23.75,10.97,37.95,0.76,58.1,48.7,24,8.9,16.54,1.86,3.75,0.64,1.34,80,1181.6,445.6,Low
148,22.04,11.4,35.17,2.15,55.9,35.0,9,8.85,11.59,1.81,2.28,0.29,0.66,92,1074.0,219.5,Medium
149,14.82,11.95,39.01,2.06,58.9,33.0,7,7.99,14.29,4.01,4.23,0.19,0.56,79,890.6,177.2,Low
150,18.46,10.49,39.35,1.92,66.2,33.7,17,9.08,14.22,0.85,0.57,1.78,0.37,38,328.5,146.5,Medium
151,28.53,8.43,36.17,0.57,55.4,26.3,22,8.0,11.01,0.85,1.28,2.48,1.0,75,1255.8,346.5,Medium
152,17.83,10.69,38.74,1.11,51.8,31.1,24,8.92,14.2,1.61,4.14,2.57,0.55,28,1325.8,277.5,Low
153,16.32,10.93,35.95,1.03,63.7,31.1,22,8.47,10.7,0.43,1.89,1.39,1.46,77,423.8,175.2,Low
154,21.83,11.73,35.6,1.22,66.2,21.6,16,8.62,9.98,0.98,4.91,2.35,0.15,67,1305.7,361.3,Medium
155,29.77,10.16,34.37,0.68,50.2,43.0,24,9.25,14.61,4.35,2.33,2.84,1.33,79,1341.2,159.4,Medium
156,17.87,8.64,37.05,2.37,53.3,32.5,12,9.22,9.91,2.04,3.96,0.83,0.48,66,914.3,321.7,Low
157,24.75,9.42,25.17,1.61,51.1,44.7,25,9.11,16.98,2.92,2.01,1.19,0.98,46,1053.0,310.9,Low
158,26.19,9.82,39.62,1.11,55.7,45.5,10,8.62,10.47,3.32,2.12,2.79,0.57,70,696.9,393.7,Medium
159,17.8,11.23,39.44,1.29,57.9,26.4,19,8.98,13.75,1.78,1.91,1.01,1.45,39,566.3,122.0,Low
160,25.65,10.85,22.58,1.39,64.5,39.7,20,8.62,12.29,0.83,3.6,2.74,1.89,80,1138.6,455.1,Medium
161,19.88,9.78,38.52,1.7,62.3,34.2,9,9.19,10.01,1.09,2.74,2.94,1.83,82,1320.4,381.2,Medium
162,24.12,12.93,24.58,1.53,61.7,46.4,16,8.44,9.22,1.55,4.72,1.99,1.17,34,1050.3,186.5,Medium
163,24.14,11.03,28.7,2.34,55.8,26.5,12,9.35,13.98,2.94,1.25,2.45,0.93,74,865.1,173.4,Medium
164,22.57,9.19,36.87,1.49,66.5,40.3,7,9.29,15.45,1.91,0.5,2.25,1.64,15,406.6,272.7,Low
165,15.44,8.51,25.22,2.48,58.4,38.2,20,8.99,15.74,0.23,1.97,2.1,1.37,27,269.5,427.0,Low
166,27.36,8.76,38.36,2.2,69.5,28.9,14,8.25,12.86,2.45,3.08,0.92,0.37,19,779.4,437.2,Medium
167,19.13,9.23,38.64,0.92,62.0,24.1,25,8.01,15.22,4.16,4.3,0.17,1.64,20,264.2,308.2,Low
168,16.98,8.8,32.15,2.36,50.8,39.5,20,9.17,14.38,3.69,1.73,1.03,0.86,74,940.1,444.3,Low
169,14.65,8.93,22.13,0.73,62.9,42.2,16,8.06,14.79,3.75,3.27,2.0,0.38,86,697.5,102.2,Low
170,23.45,9.43,27.74,2.13,55.2,29.5,23,9.17,12.94,3.62,1.75,0.31,0.56,93,1184.3,114.1,Medium
171,24.84,8.87,34.34,1.26,63.1,39.3,15,8.59,14.07,1.59,3.09,0.04,0.54,74,597.3,464.7,Medium
172,14.27,12.48,41.62,2.26,49.5,31.9,12,8.45,15.44,3.49,4.42,0.42,1.04,61,970.9,410.1,Low
173,22.19,8.4,34.64,2.24,51.8,41.4,17,9.25,12.18,0.82,1.16,2.15,0.47,76,899.0,280.3,Medium
174,17.62,10.62,27.2,2.11,66.8,26.0,13,8.77,15.45,3.03,2.02,2.92,0.25,91,206.1,401.4,Low
175,24.32,10.05,34.68,2.08,53.0,46.7,23,8.72,13.74,2.96,4.97,2.95,0.25,87,294.1,482.3,Medium
176,16.79,12.91,32.8,1.11,66.4,28.6,7,8.69,10.33,0.31,4.34,1.48,1.17,40,577.5,408.8,Low
177,25.06,8.56,37.6,0.66,54.1,31.0,11,8.39,9.2,3.59,2.82,2.61,1.47,100,1346.9,436.9,Medium
178,20.19,9.99,24.14,1.31,62.1,21.7,15,9.06,11.9,4.08,2.58,2.21,0.64,26,391.1,404.2,Medium
179,28.99,12.85,37.22,0.85,63.3,23.3,24,8.2,13.37,1.35,1.42,1.5,0.07,64,1124.2,167.3,Medium
180,16.2,12.33,32.83,1.89,59.3,35.5,8,9.3,15.72,3.69,2.59,1.72,0.25,45,1465.4,433.4,Low
181,19.46,12.09,41.26,1.19,54.7,28.0,17,9.23,10.02,0.55,4.24,0.41,1.83,35,1227.7,178.0,Medium
182,15.82,9.29,28.84,2.45,52.7,45.1,12,8.34,15.4,2.78,3.43,2.81,0.99,62,515.8,457.0,Low
183,28.8,8.85,34.65,1.78,48.7,20.4,14,8.97,15.9,2.29,1.45,1.06,0.91,26,1380.9,283.5,Low
184,28.04,11.34,40.64,2.14,54.7,31.4,10,8.72,10.21,2.55,1.01,1.34,0.08,95,321.0,370.8,Medium
185,18.13,12.65,24.05,0.77,62.4,30.1,24,8.34,15.81,4.18,1.33,2.01,1.46,34,808.6,298.9,Low
186,24.56,10.78,40.74,2.22,68.6,20.6,17,9.38,16.93,3.95,0.85,1.0,1.06,11,1353.8,137.6,Low
187,27.08,10.86,35.76,2.35,67.2,23.7,11,7.84,14.81,3.58,0.48,0.76,0.4,95,1033.6,216.3,Medium
188,22.88,9.4,23.36,1.47,64.9,32.4,21,8.2,15.28,1.38,2.1,1.89,0.22,14,737.7,493.5,Low
189,22.47,11.85,28.02,1.71,65.3,34.8,24,8.63,16.96,4.12,0.57,0.07,0.77,13,580.7,484.3,Low
190,17.87,8.94,36.16,2.03,62.6,32.1,8,8.64,13.84,0.62,0.86,2.16,1.67,45,687.6,228.2,Low
191,15.49,9.62,23.35,0.85,53.7,35.9,17,8.74,11.46,3.87,2.74,1.54,1.73,15,861.6,498.5,Low
192,28.36,10.13,33.64,1.51,68.0,37.9,19,9.0,15.7,1.61,0.82,1.82,1.21,30,614.8,438.2,Low
193,28.41,10.54,28.92,1.3,62.8,20.3,10,8.8,13.92,0.43,0.32,1.9,1.46,86,1459.7,344.4,Medium
194,24.13,9.21,34.42,0.79,60.3,33.9,13,8.76,13.65,3.08,1.59,1.58,0.23,98,1413.0,116.0,Medium
195,19.42,8.57,22.91,1.24,50.4,48.9,17,7.89,11.03,1.19,1.1,1.75,1.18,35,1331.9,460.6,Medium
196,19.59,11.05,39.43,0.64,57.8,35.6,10,8.4,15.05,1.25,2.58,2.05,1.33,64,748.4,323.0,Low
197,25.62,9.44,41.47,0.55,58.1,40.3,21,8.17,9.65,1.52,0.51,2.26,0.4,48,1098.7,447.4,Medium
198,28.35,10.91,41.38,0.77,67.0,29.4,7,8.22,16.39,0.47,3.76,2.18,1.76,93,1373.7,433.8,Low
199,28.19,8.77,36.99,2.43,60.0,43.2,9,8.69,11.61,0.96,4.53,2.61,0.39,42,1305.6,433.2,Medium
200,26.48,10.41,24.6,1.6,56.4,43.2,20,8.12,10.02,0.22,3.72,0.57,0.63,23,738.6,379.3,Medium
201,24.27,10.66,37.17,2.43,69.5,35.6,12,8.27,12.54,2.12,2.66,1.2,1.24,65,346.1,216.6,Medium
202,15.35,8.26,22.49,1.36,50.4,49.3,24,8.18,9.34,0.56,4.3,2.84,1.28,90,298.3,234.5,Low
203,16.59,9.68,22.44,1.12,57.3,23.8,7,9.32,14.48,3.14,3.47,1.19,1.4,30,950.2,223.4,Low
204,28.38,8.67,28.47,1.51,48.9,20.5,12,9.31,16.22,1.21,0.05,0.37,0.22,55,1035.4,108.0,Low
205,23.7,8.32,31.77,1.38,64.3,43.1,12,8.78,15.7,4.26,1.97,1.58,1.7,25,1304.8,333.0,Low
206,14.15,12.95,37.41,0.71,68.2,44.2,22,9.28,10.02,3.95,4.25,0.33,1.07,25,580.3,379.5,Low
207,15.62,9.61,35.67,1.78,54.2,23.6,11,9.06,10.01,1.44,1.73,0.61,0.94,93,417.7,441.5,Low
208,24.62,12.05,30.92,0.93,66.9,28.0,23,8.74,15.51,3.57,0.18,2.99,1.96,38,692.7,156.1,Low
209,14.08,9.27,27.47,1.74,54.4,20.5,16,7.81,16.39,3.65,3.73,1.62,1.48,17,659.6,317.7,Low
210,16.57,11.41,41.94,1.8,68.0,28.8,24,9.04,12.69,4.44,4.01,0.85,0.24,97,372.2,103.2,Low
211,22.78,11.8,30.52,0.8,64.6,43.2,13,8.92,12.99,2.77,0.8,2.98,1.51,12,1074.0,138.0,Medium
212,25.07,10.98,31.03,0.62,65.7,35.5,9,8.78,11.55,0.55,2.69,2.9,0.19,98,861.3,121.7,Medium
213,24.43,10.36,25.27,2.06,48.4,30.4,19,9.02,16.15,2.98,0.96,1.32,0.05,28,1137.5,390.2,Low
214,17.59,10.06,37.9,1.42,69.2,31.2,21,8.62,14.16,2.89,3.6,0.78,0.81,75,658.5,132.4,Low
215,25.39,9.74,35.87,0.62,64.0,20.0,25,8.93,11.31,2.94,1.36,2.52,1.99,88,623.4,386.6,High
216,17.8,12.65,26.42,2.49,54.7,29.0,9,9.3,11.39,1.52,1.58,2.15,0.35,95,814.3,199.8,Low
217,19.21,12.15,23.65,0.62,66.2,39.4,10,8.4,16.13,3.9,4.22,2.06,1.35,83,1340.6,451.1,Low
218,25.94,12.83,35.61,1.89,54.2,49.2,11,8.93,9.11,4.33,2.38,2.68,0.35,91,252.4,425.3,High
219,24.39,8.62,35.09,2.47,67.2,45.4,7,8.56,11.58,1.14,3.35,2.07,1.45,31,1246.3,483.1,Medium
220,27.59,11.65,27.47,0.98,50.5,20.7,10,8.88,13.43,0.58,2.01,0.85,1.01,55,679.7,453.5,Medium
221,24.52,12.69,41.02,0.78,63.5,47.0,18,9.02,10.19,1.04,1.49,2.08,1.36,100,1311.0,473.3,Medium
222,23.09,8.91,25.02,0.74,59.9,43.5,16,7.87,9.74,3.73,3.13,0.92,0.41,22,1242.9,443.5,Medium
223,15.5,8.33,30.65,1.11,50.1,43.4,19,8.83,15.52,3.11,0.77,2.28,1.49,42,653.4,377.4,Low
224,19.88,11.71,40.87,0.7,53.3,33.7,20,8.16,16.16,2.94,1.86,1.86,1.99,14,1102.0,168.1,Low
225,18.24,10.87,30.39,1.88,48.3,31.9,11,8.87,15.59,1.93,1.05,0.23,1.33,99,407.5,208.7,Low
226,17.9,12.21,34.77,0.62,58.3,29.1,10,8.55,16.19,2.68,3.48,1.54,0.99,86,1365.2,185.1,Low
227,29.57,8.7,29.95,1.52,54.6,22.0,20,9.04,13.42,1.52,4.72,1.03,1.85,36,725.8,341.4,Medium
228,20.29,11.98,27.48,2.49,61.2,26.8,16,8.0,15.5,2.25,4.98,0.99,0.03,87,792.3,301.4,Low
229,28.27,9.01,41.68,2.13,54.5,27.4,23,8.8,12.07,3.61,2.25,1.81,1.46,33,1117.5,446.8,Medium
230,24.1,8.82,30.19,1.73,54.6,34.5,16,8.25,14.33,4.42,1.26,0.97,1.78,76,1267.1,481.1,Medium
231,26.72,8.82,39.88,1.11,64.4,42.4,13,9.16,16.91,4.21,2.21,2.33,0.12,72,507.2,261.9,Low
232,22.04,12.07,26.6,1.75,49.1,34.2,22,9.29,10.81,4.22,4.24,0.21,0.9,57,1059.8,302.5,Medium
233,23.23,11.33,26.26,1.55,67.9,21.7,7,9.39,12.12,1.93,1.03,1.98,0.41,72,709.6,488.6,Medium
234,21.88,10.62,22.62,1.35,66.7,48.7,23,9.07,12.84,2.22,4.76,2.43,1.13,87,679.3,210.5,Medium
235,17.12,9.79,35.03,0.76,62.7,48.3,15,9.01,10.1,3.23,1.71,2.02,1.3,21,1097.0,417.0,Low
236,25.56,12.39,29.37,2.27,61.1,43.6,12,8.14,9.65,4.17,4.93,1.49,0.61,37,703.3,190.1,Medium
237,18.49,9.96,39.29,1.4,67.6,49.7,25,8.34,15.64,0.81,4.19,2.85,0.92,53,649.9,372.6,Low
238,14.39,12.08,31.46,0.89,52.1,36.3,19,8.55,16.81,1.51,4.04,0.9,0.56,52,1286.7,201.4,Low
239,24.33,10.2,41.36,1.24,49.7,48.9,9,9.04,12.24,0.8,1.59,0.06,0.74,26,331.7,453.5,Medium
240,16.83,9.88,25.71,1.33,53.3,22.3,13,9.26,9.7,2.83,0.04,1.3,0.32,49,1078.7,324.6,Low
241,29.05,10.31,39.37,2.16,65.5,31.0,15,8.1,9.53,1.52,1.91,0.1,1.77,58,523.3,174.4,Medium
242,29.26,9.51,37.53,1.97,48.8,26.8,11,9.28,16.13,1.6,1.51,2.86,0.02,94,220.1,189.7,Low
243,28.64,11.74,37.42,2.04,60.8,25.9,16,8.91,12.71,0.5,0.19,0.63,1.76,66,416.8,297.5,Medium
244,19.92,10.51,38.9,0.52,69.9,24.2,23,8.78,11.56,1.7,2.53,2.37,1.14,96,988.7,484.6,Medium
245,14.25,9.16,37.22,1.33,66.8,38.7,18,8.12,12.81,3.91,2.02,2.32,0.66,93,1121.9,407.9,Low
246,28.85,12.5,34.52,1.46,59.5,43.4,22,7.89,11.55,1.2,3.17,0.65,1.45,73,227.4,295.3,Medium
247,20.85,9.92,24.62,0.54,49.4,37.3,9,8.71,12.91,3.19,3.11,1.86,1.02,84,247.4,235.1,Medium
248,29.47,10.72,22.65,1.02,66.3,24.4,15,8.84,15.88,2.91,0.6,0.14,1.0,66,1373.3,319.7,Low
249,29.42,12.53,40.42,2.02,61.2,44.3,21,8.14,13.74,3.91,4.88,1.45,0.22,83,295.3,399.3,Medium
250,27.65,11.12,34.33,0.77,50.5,39.1,11,8.69,14.56,0.77,0.93,0.04,0.78,83,1362.4,413.6,Medium
251,18.71,8.58,37.93,1.57,50.1,31.6,19,9.17,11.92,4.4,2.23,2.76,0.48,79,496.6,229.8,Medium
252,20.16,12.7,31.63,0.93,68.0,40.2,20,9.14,14.91,2.71,2.44,2.93,0.03,97,1162.0,388.5,Medium
253,27.62,11.14,24.35,0.52,62.7,27.8,21,9.28,14.33,4.48,4.07,0.67,0.72,85,602.7,363.1,Medium
254,19.07,9.67,24.5,0.98,66.2,30.4,22,8.39,9.96,4.12,0.5,0.62,0.18,52,1316.4,483.6,Medium
255,16.71,8.7,35.71,2.45,67.3,47.5,19,8.31,13.58,1.15,2.14,2.26,0.51,32,1110.6,472.4,Low
256,22.91,11.97,30.61,2.1,60.6,28.7,23,9.0,11.05,0.44,3.14,0.76,0.19,36,722.4,415.8,Medium
257,28.98,11.1,26.01,2.42,59.4,34.1,14,8.49,15.43,1.3,1.08,2.69,0.2,67,299.2,389.4,Low
258,25.14,10.67,31.83,1.48,57.5,46.7,8,7.94,12.41,2.47,3.14,1.72,0.4,46,1152.5,209.6,Medium
259,23.12,12.47,23.28,0.72,55.0,41.2,11,8.25,16.96,0.94,4.62,1.05,2.0,15,1002.0,438.4,Low
260,15.55,11.94,33.64,1.6,57.6,21.9,12,8.47,9.74,0.92,4.99,2.5,0.0,74,203.8,271.0,Low
261,23.84,8.76,27.38,1.41,65.0,24.4,18,8.27,15.24,2.19,0.16,1.48,1.28,15,212.2,208.9,Low
262,29.84,9.56,37.95,2.19,61.2,20.2,24,8.33,14.39,0.34,1.18,2.73,0.28,59,1251.4,253.7,Medium
263,16.24,9.24,28.21,0.7,67.6,38.9,7,8.27,15.14,0.72,1.55,2.78,1.84,31,537.2,434.4,Low
264,22.29,11.72,31.1,1.48,57.8,33.4,23,7.87,11.46,1.99,2.0,0.5,0.19,97,1027.0,159.5,Medium
265,28.04,8.17,22.23,0.8,61.4,24.0,17,8.82,12.94,0.47,1.21,0.01,1.91,34,790.5,282.5,Medium
266,25.85,10.85,23.45,1.15,61.9,48.7,16,8.76,15.37,1.91,1.02,2.95,1.22,88,1322.5,296.9,Low
267,25.15,11.81,29.85,1.97,61.0,35.9,25,8.85,10.86,2.24,4.77,2.72,0.0,99,1392.0,114.7,Medium
268,25.24,12.38,31.6,1.45,63.5,27.3,20,8.11,10.81,2.14,4.59,0.17,1.79,81,1495.9,178.3,Medium
269,19.75,9.71,34.0,1.25,53.2,35.0,16,8.27,13.41,3.94,0.23,2.5,1.04,60,399.8,430.7,Medium
270,18.7,12.11,27.83,1.29,59.3,40.4,21,8.79,13.19,2.48,1.69,1.37,0.53,97,1321.9,432.3,Medium
271,26.95,8.55,35.9,1.42,50.3,22.3,25,8.76,11.26,2.21,2.03,0.78,1.53,57,545.8,217.0,Medium
272,26.96,12.23,39.2,2.07,56.5,28.2,10,8.61,11.38,1.97,1.2,2.64,1.85,79,968.1,450.0,Medium
273,27.87,8.64,37.6,2.28,58.7,44.2,8,8.36,11.22,3.72,3.14,0.59,0.97,74,857.5,408.7,Medium
274,28.61,9.99,22.79,2.41,62.3,33.8,15,9.26,15.17,4.05,3.2,2.84,0.63,69,223.4,267.2,Low
275,22.18,11.99,31.61,2.07,68.9,36.4,16,8.34,14.22,3.87,4.25,0.62,1.58,55,1412.6,399.4,Medium
276,22.02,8.75,24.1,1.13,61.2,33.0,17,8.53,15.66,3.1,3.7,1.84,1.36,45,301.8,484.5,Low
277,26.77,9.15,26.84,1.88,64.4,21.3,20,8.88,16.8,0.79,2.71,0.67,1.78,67,1094.7,283.6,Low
278,24.4,11.61,41.73,1.38,59.1,25.0,13,8.67,12.79,1.39,3.27,1.64,1.39,85,1220.5,195.4,Medium
279,25.23,11.6,24.85,1.01,62.0,33.4,21,8.36,9.53,0.4,1.37,2.05,0.49,47,1233.9,476.7,Medium
280,26.73,11.21,31.98,2.18,49.6,26.3,25,8.5,9.38,4.2,2.97,0.57,1.86,20,376.1,341.5,Medium
281,28.24,11.47,34.36,0.58,53.6,21.5,21,9.07,11.37,3.04,2.45,1.56,0.21,21,781.8,142.1,High
282,19.41,10.71,36.05,2.3,56.0,45.3,14,8.25,16.46,3.41,0.67,1.41,0.54,51,1278.3,329.1,Low
283,20.01,9.26,33.19,1.42,58.4,49.4,17,8.03,13.19,1.54,1.21,0.21,1.04,48,593.5,300.2,Medium
284,15.5,9.73,22.2,1.77,49.0,43.8,15,8.3,11.17,3.84,1.46,2.45,1.13,80,808.1,442.2,Low
285,23.25,8.91,28.53,1.82,51.1,45.6,21,9.16,12.19,1.32,4.62,1.01,0.03,20,554.6,312.3,Medium
286,14.58,12.54,32.35,2.29,54.1,27.3,7,7.94,13.79,0.21,1.15,1.72,1.56,45,802.6,202.1,Low
287,21.45,10.92,23.76,1.77,69.4,48.8,7,9.39,14.22,1.82,1.45,1.54,0.72,61,1354.2,370.3,Medium
288,22.68,10.0,29.01,1.73,55.3,25.9,25,8.67,10.23,2.65,1.85,1.54,0.81,40,791.7,317.0,Medium
289,18.58,10.31,22.66,0.63,58.6,48.5,9,9.38,16.82,2.26,3.32,0.32,1.62,42,922.7,193.2,Low
290,23.45,12.74,23.57,1.54,52.3,49.8,16,9.3,13.36,3.91,0.59,1.27,0.76,22,725.2,329.5,Medium
291,14.49,8.77,29.94,0.8,61.4,41.4,14,8.52,10.09,0.65,4.77,1.36,0.09,27,798.2,428.6,Low
292,14.6,10.93,24.65,1.97,54.2,49.4,21,8.12,16.15,2.58,4.33,2.2,0.35,50,219.7,111.4,Low
293,27.16,10.53,33.35,1.52,52.6,37.1,16,8.06,9.6,2.41,2.89,2.52,1.91,67,568.9,352.3,Medium
294,19.76,11.06,35.79,1.86,59.4,27.8,7,8.18,16.26,1.41,3.37,1.63,0.14,65,767.6,239.8,Low
295,16.03,8.09,38.01,0.58,48.1,33.1,24,8.94,16.97,3.74,0.08,0.26,0.71,33,1023.9,217.1,Low
296,22.36,12.36,26.0,0.67,48.2,37.8,8,8.24,14.6,3.44,1.69,0.71,1.01,82,785.1,257.0,Medium
297,26.32,12.66,25.35,1.93,52.8,22.2,25,8.35,15.16,3.35,3.98,0.49,0.99,40,639.2,236.8,Low
298,17.45,10.83,24.09,0.64,48.8,38.7,19,8.52,11.7,3.97,0.39,0.37,0.01,64,704.5,432.9,Low
299,23.97,11.48,34.73,0.64,50.4,49.4,7,9.26,16.53,3.31,1.41,1.1,1.0,19,515.0,209.9,Low
300,15.37,12.61,36.13,0.52,55.5,25.7,8,8.1,13.24,1.2,2.93,0.69,0.77,69,1401.8,393.3,Low
301,14.83,11.54,22.63,2.41,65.7,43.8,22,7.81,14.86,3.23,1.28,0.65,1.94,11,878.3,137.6,Low
302,22.5,8.76,40.72,1.98,60.6,47.2,21,7.9,16.39,1.52,4.67,0.16,0.32,24,217.4,480.6,Low
303,22.65,10.88,23.04,1.21,59.3,48.3,19,9.25,16.8,1.24,0.66,0.05,0.71,12,225.3,348.9,Low
304,24.2,11.03,32.83,1.09,54.5,48.8,22,8.84,15.67,0.51,3.99,0.31,0.84,52,1464.9,382.7,Low
305,25.62,10.12,36.18,1.2,68.5,35.6,23,8.24,11.42,3.4,2.54,0.52,0.78,40,487.9,219.2,Medium
306,29.61,11.68,39.42,2.05,56.7,49.3,13,8.08,16.73,3.26,3.75,1.29,1.33,79,1247.3,264.8,Low
307,22.26,12.67,36.28,1.82,49.9,42.7,23,8.27,14.02,1.21,1.55,1.53,0.43,76,275.8,189.5,Medium
308,19.17,12.63,38.03,0.87,61.6,24.9,13,7.98,16.45,3.42,2.57,0.42,0.44,65,1397.5,473.0,Low
309,26.72,10.25,28.79,0.85,50.5,34.3,19,9.31,14.41,4.15,4.28,1.27,1.46,72,1336.7,295.2,Medium
310,18.33,8.57,38.3,0.7,55.6,41.5,11,9.05,11.46,0.66,2.33,1.03,1.0,84,942.4,352.2,Medium
311,21.02,12.92,23.6,1.82,59.2,27.4,23,8.54,11.96,1.2,1.8,0.55,0.83,24,211.7,393.7,Medium
312,15.26,12.19,39.9,2.03,67.2,39.2,9,9.18,13.4,3.43,2.68,0.02,0.34,19,535.2,248.4,Low
313,14.41,8.62,32.95,1.03,58.9,40.0,13,8.2,15.32,1.38,3.59,1.4,0.38,47,728.9,388.0,Low
314,29.4,12.6,38.35,0.54,63.4,24.9,23,8.95,11.54,2.89,2.22,2.06,0.02,56,798.1,370.4,High
315,27.38,12.35,31.05,0.66,69.8,37.0,13,9.17,13.64,0.55,4.69,0.68,0.18,66,587.0,382.3,Medium
316,25.14,10.59,34.87,2.44,50.9,43.1,7,8.37,11.76,2.14,1.47,0.4,1.11,59,242.8,295.7,Medium
317,20.54,10.96,32.53,1.09,54.0,35.0,23,9.01,15.53,3.38,2.38,2.66,1.78,80,967.2,253.2,Low
318,16.77,10.0,36.63,2.04,56.7,20.4,23,8.27,12.73,3.15,3.78,0.83,0.57,24,881.4,188.8,Low
319,16.5,8.27,23.63,1.75,57.3,20.3,17,8.28,9.61,3.7,3.45,0.67,0.66,27,567.9,429.9,Low
320,18.0,9.68,23.21,1.26,57.0,30.7,9,7.97,10.33,3.97,4.32,2.57,0.23,91,249.4,343.3,Medium
321,22.79,12.01,26.94,0.91,68.0,47.8,21,8.5,9.49,3.52,4.98,2.45,0.78,97,1493.0,277.7,Medium
322,25.43,8.02,25.19,0.74,63.7,26.9,17,8.97,12.99,3.09,2.13,1.35,0.07,11,826.6,477.6,Medium
323,24.56,9.67,39.44,1.73,61.4,39.0,22,9.3,9.85,0.34,0.56,1.47,1.84,93,1182.8,119.1,Medium
324,18.48,9.99,26.38,2.05,54.8,26.7,15,8.77,9.91,2.5,0.15,0.65,1.35,52,788.0,440.1,Medium
325,29.28,10.69,41.52,1.79,66.1,29.7,7,9.18,16.53,0.36,3.63,0.23,1.98,35,256.1,499.0,Low
326,25.81,12.6,28.74,1.56,69.0,45.4,22,9.12,15.98,3.67,4.37,1.72,1.77,80,602.5,454.8,Low
327,22.87,9.73,25.64,0.58,66.1,41.9,15,8.08,12.62,1.58,1.1,0.3,0.95,47,616.1,424.2,Medium
328,23.79,9.73,37.79,2.44,48.0,22.9,25,8.58,16.89,2.62,0.79,1.35,1.04,51,1289.9,249.7,Low
329,20.71,11.69,35.17,2.1,62.0,32.9,18,7.99,9.0,1.4,0.31,2.82,0.38,14,1050.5,192.5,Medium
330,17.96,10.26,31.96,1.09,49.1,20.9,25,8.89,13.91,3.56,4.11,2.86,0.92,20,558.1,393.9,Low
331,19.7,9.12,33.11,2.46,53.7,34.4,15,9.32,13.93,4.01,1.56,0.72,1.81,74,1458.1,221.8,Medium
332,26.13,10.26,36.38,1.7,49.3,39.9,13,8.02,12.66,1.91,2.01,1.87,0.1,43,618.0,170.4,Medium
333,14.23,8.7,26.57,1.66,61.3,23.6,20,8.97,12.18,3.91,2.51,1.42,1.73,10,1497.7,414.6,Low
334,15.86,8.88,41.93,2.0,63.1,28.7,25,8.81,12.64,1.35,4.2,2.63,0.68,92,1495.0,225.0,Low
335,14.74,10.49,41.5,2.12,50.5,31.9,25,8.73,12.32,2.5,3.25,0.81,1.8,11,448.6,465.8,Low
336,14.65,10.09,35.01,1.81,56.4,47.6,8,8.42,14.84,3.89,3.08,0.01,1.88,94,606.6,436.3,Low
337,27.69,12.57,25.99,0.76,58.0,49.8,15,8.37,10.08,1.6,0.88,0.49,1.34,29,831.9,439.1,Medium
338,25.26,9.81,35.6,1.18,56.1,21.3,19,7.87,10.58,4.3,2.57,1.05,1.33,70,1063.3,408.6,Medium
339,21.59,10.9,23.44,2.36,50.7,42.8,21,8.15,10.44,0.72,3.58,0.95,0.91,96,886.5,452.4,Medium
340,15.57,11.16,22.61,0.95,57.2,31.2,9,7.82,11.1,0.28,4.87,2.37,1.67,30,1460.3,422.3,Low
341,21.87,8.07,27.15,1.24,64.5,31.8,17,8.73,13.2,4.09,1.01,2.04,1.92,97,1141.2,341.0,Medium
342,21.58,11.32,31.25,1.36,49.6,42.6,20,7.97,9.89,0.5,0.05,0.9,1.55,77,475.7,218.3,Medium
343,16.77,8.89,39.37,1.38,49.8,47.6,14,9.2,15.95,4.47,0.38,1.37,1.24,21,336.6,455.3,Low
344,20.94,12.81,36.54,1.73,55.8,48.5,24,8.64,11.38,4.29,1.88,0.29,1.21,31,1094.9,436.2,Medium
345,20.38,8.74,36.85,2.39,68.7,37.3,25,8.92,10.3,0.79,4.1,2.69,1.7,29,406.0,289.2,Medium
346,23.85,10.07,30.51,0.98,62.7,30.7,22,8.46,14.4,2.51,0.04,2.81,1.08,91,1224.0,115.6,Medium
347,24.16,8.43,28.92,0.74,62.9,43.6,8,8.7,9.3,1.0,2.28,2.94,1.61,10,604.3,355.4,Medium
348,14.72,12.98,29.42,0.89,56.0,27.5,14,9.31,13.96,2.04,1.65,2.61,1.02,39,625.0,120.2,Low
349,19.99,10.51,41.75,2.27,61.1,36.9,12,7.93,14.59,0.46,0.26,0.52,0.12,33,214.0,470.5,Medium
350,24.01,10.98,22.8,1.79,48.2,30.8,18,8.21,10.72,1.16,2.25,0.14,0.77,23,1111.3,484.7,Medium
351,22.05,8.34,39.34,1.07,62.0,39.7,21,9.05,9.34,1.76,1.27,1.74,0.89,45,347.3,175.8,Medium
352,27.7,11.75,33.57,2.13,68.1,27.2,14,7.96,11.91,2.09,1.76,2.74,0.28,78,1204.7,370.6,Medium
353,24.54,9.05,30.77,2.22,61.5,25.7,10,7.92,9.79,4.4,3.53,0.53,0.2,84,839.4,136.9,Medium
354,16.61,12.49,36.51,2.19,67.2,47.5,21,8.38,9.93,3.67,2.61,0.02,1.07,33,1219.6,391.8,Low
355,15.13,9.03,31.73,2.34,63.9,23.1,23,7.95,11.03,3.37,0.62,2.42,0.17,69,959.1,238.9,Low
356,24.28,8.95,39.47,1.0,50.7,35.2,19,8.74,11.36,2.51,4.81,0.23,0.61,64,307.2,372.4,Medium
357,14.42,8.18,40.01,2.01,67.9,26.6,24,8.16,13.24,3.81,3.18,1.24,1.49,86,1195.3,249.2,Low
358,23.37,10.36,30.43,1.42,49.5,21.2,8,9.23,14.43,1.66,3.83,2.04,1.93,89,290.7,158.2,Medium
359,29.04,10.82,27.54,2.18,59.7,21.1,19,9.05,13.74,3.25,0.4,0.71,1.44,33,822.3,262.4,Medium
360,23.21,8.33,33.85,1.96,51.1,25.3,19,8.92,10.19,4.47,0.24,0.25,1.99,86,424.1,145.1,Medium
361,20.21,11.88,40.25,2.05,48.3,46.0,21,8.79,10.38,1.55,0.1,2.31,1.4,33,1178.0,330.8,Medium
362,24.29,10.27,26.21,1.81,57.3,28.5,16,9.18,16.03,3.1,0.94,1.89,0.59,63,1385.1,116.4,Low
363,21.33,10.62,34.46,0.85,54.5,48.5,9,8.16,13.47,3.83,2.07,2.97,1.34,35,920.4,310.9,Medium
364,22.73,10.2,34.63,1.59,58.7,37.4,25,9.2,15.96,4.14,4.68,1.03,1.4,75,885.3,454.5,Low
365,29.06,10.0,36.66,2.47,60.7,33.1,9,9.06,11.97,3.29,2.29,0.19,0.74,89,1193.2,435.1,High
366,20.18,10.8,24.63,2.37,49.0,37.4,20,9.0,13.92,1.42,1.45,2.2,0.04,47,206.6,453.1,Medium
367,29.38,8.78,36.32,0.59,50.7,35.5,14,8.7,13.19,1.6,2.81,1.57,1.41,74,1393.1,468.8,Medium
368,28.49,8.91,40.18,0.83,60.3,42.8,10,8.19,11.55,0.29,0.56,0.64,0.04,84,456.7,141.8,Medium
369,17.13,12.31,25.59,0.76,55.5,28.5,17,8.48,12.76,3.47,3.05,2.35,1.26,60,1479.4,151.5,Low
370,15.11,12.73,26.75,1.95,64.0,30.6,17,9.07,13.02,0.38,2.84,0.61,0.33,44,1157.1,322.8,Low
371,15.61,9.87,41.43,2.14,62.4,46.8,17,7.85,10.61,3.92,3.96,0.78,1.13,52,1206.5,457.6,Low
372,14.29,9.35,25.62,0.93,66.6,48.4,8,9.05,11.52,0.71,4.93,0.28,1.01,38,1053.1,489.7,Low
373,15.51,11.22,39.09,1.51,63.2,46.8,23,8.18,15.33,0.94,1.25,1.2,0.03,46,813.2,118.5,Low
374,24.93,10.04,31.85,2.18,57.5,32.6,15,8.03,16.33,2.25,2.55,1.26,0.73,90,943.1,242.3,Low
375,15.14,8.13,26.94,1.97,62.8,43.4,8,7.99,11.88,3.37,4.54,1.54,1.2,67,260.3,185.2,Low
376,19.1,8.78,39.41,1.58,54.1,34.3,21,7.84,11.46,0.8,3.93,2.13,1.7,63,1011.1,402.4,Medium
377,27.52,11.58,30.91,1.68,54.7,34.9,22,8.64,10.56,2.09,2.44,2.72,1.78,48,1013.9,356.1,Medium
378,14.37,11.29,32.3,1.52,65.4,26.1,10,8.15,14.43,2.28,4.73,0.41,0.97,51,1358.6,148.0,Low
379,27.03,8.14,29.18,1.1,57.8,37.7,14,9.38,11.58,1.11,0.29,0.16,1.46,37,857.4,293.4,Medium
380,18.51,9.11,33.86,1.63,65.6,25.6,15,8.72,16.9,0.7,4.65,0.06,0.63,38,300.3,374.2,Low
381,15.89,9.16,25.27,1.88,66.1,29.9,11,8.02,11.61,3.8,0.25,0.43,0.68,52,598.1,411.6,Low
382,25.15,11.36,29.82,2.25,66.9,45.7,22,8.9,12.15,2.36,2.74,1.97,0.39,12,1052.3,108.0,Medium
383,24.06,8.1,41.39,1.77,68.2,26.2,19,9.24,13.83,0.26,4.45,2.18,1.12,19,511.0,456.2,Medium
384,28.04,8.52,27.16,2.02,57.5,22.1,13,8.99,15.41,3.65,1.31,2.36,0.63,68,564.7,327.7,Low
385,25.76,12.0,35.13,0.82,55.0,22.1,23,7.92,12.76,4.42,2.36,0.73,0.17,23,1266.6,424.8,Medium
386,26.86,8.89,28.5,1.42,60.8,48.2,9,9.23,12.38,2.81,1.62,0.92,1.37,85,959.6,423.2,Medium
387,18.51,11.26,37.47,0.52,56.2,35.2,11,9.07,16.97,2.37,4.76,1.45,1.42,56,861.1,175.9,Low
388,16.84,9.19,24.62,0.99,61.2,32.3,25,8.05,9.08,3.98,4.12,0.19,0.72,51,614.0,144.1,Low
389,26.01,8.5,41.4,1.95,63.5,44.3,18,7.88,16.16,4.3,3.55,1.83,0.15,41,1150.2,388.5,Low
390,26.91,9.22,31.08,2.48,63.1,45.1,13,8.69,10.19,3.44,2.94,2.95,0.85,41,574.0,162.6,Medium
391,29.85,11.61,26.72,0.7,56.2,30.0,15,8.05,15.29,2.12,4.1,1.08,0.88,51,1158.2,440.0,Low
392,20.6,12.28,23.47,1.3,51.7,40.8,12,9.14,13.94,2.75,1.96,2.26,1.34,41,291.1,390.5,Medium
393,19.95,12.15,25.4,2.1,57.5,43.1,23,8.37,11.73,3.21,2.24,1.5,0.63,35,1323.9,436.7,Medium
394,26.42,9.99,32.4,0.91,51.1,39.6,22,9.26,15.99,1.04,3.65,0.38,1.37,10,849.4,219.6,Low
395,19.45,11.34,28.74,1.61,67.6,24.5,9,8.71,9.1,2.12,1.79,1.75,1.74,65,770.1,226.6,Medium
396,28.89,9.02,38.58,1.97,55.6,46.3,10,8.09,10.81,3.77,0.32,0.9,0.47,11,994.3,368.5,Medium
397,27.73,9.47,30.62,1.73,51.4,36.2,16,8.02,13.54,3.02,0.37,0.1,1.96,90,1011.4,112.6,Medium
398,20.86,12.48,26.97,0.88,48.6,28.5,11,8.72,11.81,1.97,0.58,1.9,0.77,39,371.6,390.6,Medium
399,26.01,8.07,34.34,1.21,62.2,32.8,16,9.02,13.88,3.05,4.35,2.58,0.53,80,1183.1,434.3,Medium
400,26.07,8.43,36.14,2.07,62.0,21.1,18,9.05,9.19,0.71,2.36,1.03,0.84,61,558.7,266.1,Medium
401,15.65,9.04,25.34,1.61,55.5,23.8,16,8.24,9.93,1.93,3.56,1.17,0.19,100,1376.5,406.0,Low
402,28.44,8.13,25.35,0.51,49.6,43.0,19,8.13,10.02,3.61,1.96,2.67,0.25,18,1263.2,169.8,Medium
403,22.08,8.91,22.73,2.02,57.0,20.0,17,7.83,10.51,1.15,1.29,2.44,0.83,31,650.1,228.9,Medium
404,27.22,10.92,36.73,0.57,54.8,32.5,22,8.89,12.67,1.0,1.74,2.14,1.52,43,1250.1,489.7,Medium
405,19.12,10.11,35.28,1.99,62.9,35.7,14,7.92,15.02,4.29,3.97,0.75,1.8,58,663.3,494.5,Low
406,28.33,12.46,31.49,0.9,61.3,21.6,14,8.47,16.24,1.1,3.13,2.73,1.33,10,331.2,305.0,Low
407,20.23,12.09,38.88,2.42,56.0,49.2,14,8.76,15.68,1.32,4.69,0.46,0.21,82,1450.5,473.7,Low
408,14.17,9.71,38.11,1.24,52.8,26.8,19,9.3,10.58,4.37,3.4,1.88,1.34,93,1048.4,309.1,Low
409,28.49,9.3,33.71,1.15,69.7,29.1,8,8.3,12.53,3.36,2.85,0.09,1.27,62,792.9,216.6,Medium
410,15.46,9.9,39.37,0.8,58.0,29.1,18,8.2,10.6,3.21,3.05,1.93,1.61,92,717.1,206.8,Low
411,19.11,10.95,26.12,1.11,63.1,26.9,16,8.85,11.12,3.87,4.71,0.83,1.65,49,622.1,471.8,Medium
412,29.2,9.34,24.24,2.25,51.1,20.0,18,8.79,13.03,0.7,3.94,1.35,1.74,54,1475.9,169.0,Medium
413,29.21,11.12,27.39,2.49,58.7,41.9,17,8.33,9.54,3.24,0.12,1.04,0.83,77,375.2,331.9,Medium
414,23.18,10.05,23.14,1.24,48.6,49.0,21,9.28,10.75,2.37,2.67,0.52,1.4,18,609.2,322.2,Medium
415,24.11,10.76,32.62,1.4,59.1,26.7,22,9.15,16.48,3.77,3.44,1.87,0.54,31,831.1,395.8,Low
416,21.18,10.18,40.73,1.94,69.2,39.9,23,8.16,12.73,2.39,3.74,2.65,2.0,27,821.4,299.7,Medium
417,18.69,9.47,22.79,2.27,56.5,42.3,8,8.18,12.56,2.87,1.07,2.88,0.35,85,812.8,208.9,Medium
418,19.26,12.74,24.44,1.69,48.9,45.5,24,8.62,9.12,2.25,4.34,0.58,0.02,52,428.5,167.8,Medium
419,24.76,11.82,31.04,1.28,48.7,32.7,18,9.04,10.98,2.26,4.78,2.15,0.3,48,388.4,348.3,Medium
420,26.04,8.7,40.68,1.33,56.5,29.1,25,7.87,15.93,3.5,1.18,1.99,1.55,82,531.2,387.6,Low
421,26.67,12.34,28.32,1.89,51.5,29.8,24,8.91,10.32,2.9,4.41,1.03,0.89,15,1388.9,327.8,High
422,26.63,10.44,32.14,0.51,48.5,41.4,23,8.84,12.32,2.92,0.48,0.06,0.9,92,347.0,395.3,Medium
423,15.46,12.47,22.83,1.74,64.6,44.5,12,8.17,9.11,2.14,0.28,2.07,1.91,57,1184.7,156.6,Low
424,21.91,12.0,24.97,1.21,58.1,25.4,21,8.89,12.83,2.48,0.65,2.84,1.84,16,1184.8,453.0,Medium
425,14.92,10.13,41.73,2.09,54.4,31.1,9,9.3,9.17,3.41,0.29,1.9,0.62,89,1252.7,333.0,Low
426,22.79,8.11,41.3,0.69,67.8,47.1,12,7.87,15.56,3.75,4.23,1.31,0.42,78,1352.6,150.7,Low
427,21.06,9.34,22.1,1.68,50.6,44.2,9,8.31,15.6,3.2,0.3,1.58,1.7,25,541.9,284.8,Low
428,28.2,10.71,41.04,1.46,69.0,49.5,7,8.5,15.3,4.17,1.36,0.6,1.81,10,491.9,437.9,Low
429,19.61,11.17,34.78,1.78,54.9,42.6,19,9.24,11.27,3.73,0.52,2.25,1.08,46,805.2,459.0,Medium
430,15.87,9.29,39.36,0.63,67.5,31.8,20,9.34,15.7,2.62,1.48,2.24,1.26,92,544.6,205.9,Low
431,16.29,8.7,31.09,1.66,61.3,37.7,19,8.51,13.34,3.09,0.45,0.44,0.51,46,1154.6,384.5,Low
432,26.18,12.17,32.31,1.62,66.2,39.8,10,9.0,11.99,4.18,3.34,2.63,1.6,90,1026.7,140.0,High
433,23.89,12.92,31.78,1.62,69.6,22.4,13,8.65,14.0,2.86,0.67,0.81,1.26,73,1337.5,113.4,Medium
434,15.62,10.63,35.34,1.71,54.3,36.3,16,8.66,9.1,3.75,4.26,2.95,1.01,99,307.6,324.2,Low
435,15.35,8.86,24.79,1.85,69.1,41.3,13,8.24,10.14,3.16,4.09,1.15,0.12,95,1389.6,377.9,Low
436,25.22,9.36,22.6,2.11,56.6,25.0,21,8.15,14.94,2.57,0.07,0.53,1.83,71,581.4,418.3,Medium
437,15.16,8.09,28.16,1.04,56.5,43.4,21,8.26,10.95,1.24,4.48,1.06,1.23,81,837.9,236.1,Low
438,27.15,12.57,36.09,2.15,55.5,37.5,10,8.69,13.78,2.03,0.14,1.32,0.39,70,770.2,102.6,Medium
439,25.3,8.59,26.04,1.5,59.9,48.6,12,7.85,12.08,4.36,1.2,0.21,1.21,42,1188.4,291.8,Medium
440,15.3,10.88,35.47,0.65,51.4,21.3,11,9.25,15.84,3.03,0.16,1.73,1.35,75,746.4,106.3,Low
441,15.36,9.37,41.4,0.62,60.2,28.0,18,8.05,16.62,2.63,1.68,1.79,1.05,39,1426.6,136.8,Low
442,29.79,10.77,23.88,1.17,59.9,38.0,7,8.15,16.07,4.21,2.57,2.22,1.44,29,1373.3,230.7,Low
443,19.99,11.26,35.45,2.07,64.8,28.9,14,8.63,11.16,2.72,3.98,0.09,1.16,69,1333.8,274.9,Medium
444,19.93,12.15,30.88,1.92,66.3,41.4,7,8.94,10.55,2.46,1.69,1.62,1.9,91,292.6,211.8,Medium
445,27.0,9.03,39.36,2.08,57.7,42.8,11,7.95,12.8,3.47,3.53,0.16,0.11,83,1310.5,332.7,Medium
446,29.16,8.05,25.54,1.53,54.7,23.1,12,8.31,9.06,3.26,0.94,2.1,0.21,33,1216.1,122.1,Medium
447,29.78,8.68,35.85,1.38,53.7,35.4,9,9.35,9.21,1.03,3.75,0.17,0.35,13,334.6,157.8,Medium
448,26.05,12.5,38.76,0.79,52.3,35.3,21,8.22,13.43,2.23,1.18,2.74,1.38,46,339.6,378.1,Medium
449,20.02,12.37,40.89,1.16,49.3,31.1,11,8.3,13.16,2.23,0.72,2.11,1.29,13,331.5,156.9,Medium
450,15.34,10.99,35.66,1.37,55.5,48.0,20,9.14,16.96,1.83,0.93,1.52,1.78,86,214.7,355.9,Low
451,26.43,11.0,31.94,0.68,53.9,44.8,24,7.88,10.61,2.42,0.91,1.32,1.47,98,913.2,121.9,Medium
452,22.93,11.33,34.36,0.94,69.3,40.9,22,8.54,11.06,1.98,2.56,0.39,1.02,86,1465.4,263.0,Medium
453,20.79,8.88,39.38,1.7,60.3,41.4,12,8.41,9.91,1.06,4.22,0.87,1.98,27,770.3,171.0,Medium
454,28.5,12.57,33.41,1.97,55.6,33.9,20,8.31,16.34,1.97,0.4,2.61,0.53,97,903.0,143.9,Low
455,15.78,10.09,22.61,2.5,60.8,47.6,14,8.26,15.22,0.51,3.53,2.71,1.67,75,1458.4,326.8,Low
456,21.88,9.92,40.62,2.37,51.1,40.8,13,7.95,15.58,2.68,3.27,0.0,0.85,57,531.7,471.3,Low
457,14.18,10.59,35.79,1.79,57.8,41.9,14,8.3,16.22,3.87,4.36,1.78,1.3,42,1316.0,121.9,Low
458,21.5,8.23,35.53,1.34,61.8,45.9,19,7.87,13.2,3.32,1.22,2.16,1.45,67,910.3,268.6,Medium
459,14.9,8.83,26.31,1.77,58.8,28.2,12,9.05,12.61,1.75,2.25,1.86,1.27,92,940.3,383.0,Low
460,15.9,11.69,35.18,2.07,56.8,44.2,24,8.44,11.64,0.57,4.63,0.25,0.28,82,646.1,285.1,Low
461,15.88,8.41,29.88,0.74,69.9,25.9,8,8.51,13.71,1.07,3.3,0.65,0.89,37,930.1,422.6,Low
462,24.39,11.02,35.02,1.32,67.4,30.4,14,9.23,12.63,2.55,1.94,0.75,1.12,44,295.1,171.9,Medium
463,25.94,9.23,24.13,2.18,61.7,30.1,17,8.85,12.61,1.09,0.66,2.5,1.7,19,1194.0,483.8,Medium
464,23.33,9.95,35.16,1.27,60.5,49.4,7,7.81,16.5,2.54,1.31,1.39,0.89,74,570.1,254.1,Low
465,29.39,9.44,41.99,1.64,61.7,45.7,12,9.31,16.87,1.2,2.91,1.46,1.84,51,1353.9,236.6,Low
466,20.0,9.78,22.96,1.68,52.4,41.0,22,8.18,15.37,3.85,3.59,2.8,0.88,94,678.2,449.8,Low
467,18.57,11.6,41.54,0.87,56.7,41.8,18,7.97,15.05,1.91,0.62,1.91,1.1,18,385.7,325.5,Low
468,27.9,9.49,30.14,1.22,48.9,36.9,17,9.03,14.44,1.26,3.0,2.7,1.59,69,1104.6,306.6,Medium
469,17.58,10.83,39.42,1.17,58.5,48.4,16,8.6,10.33,3.69,2.75,1.37,1.17,24,414.0,390.8,Low
470,29.41,10.38,37.65,0.55,59.9,34.9,9,8.49,9.47,1.67,2.57,0.45,1.92,66,1179.8,331.9,Medium
471,14.19,11.32,33.34,0.55,53.0,31.4,19,8.2,14.53,0.68,3.45,2.79,1.32,78,1458.5,165.0,Low
472,29.52,12.68,36.77,2.16,69.2,24.9,9,8.68,14.83,2.65,4.19,1.38,1.05,31,1213.4,369.7,Medium
473,14.69,11.66,39.57,1.05,68.0,43.6,21,8.24,9.38,2.7,1.61,0.54,0.05,73,229.2,153.4,Low
474,28.26,9.07,30.08,1.54,63.9,42.0,22,9.24,16.42,3.27,4.45,0.91,0.83,50,979.9,422.3,Low
475,22.44,8.16,28.54,1.1,59.7,31.5,19,8.14,9.73,1.23,0.8,0.15,0.6,96,1104.0,495.9,Medium
476,29.89,9.31,35.35,2.38,67.1,20.8,23,9.21,11.29,2.11,0.87,1.4,1.5,80,1273.1,251.0,Medium
477,15.18,10.98,38.16,1.02,50.9,45.2,9,8.7,14.38,1.41,1.33,2.56,0.42,65,272.8,277.9,Low
478,22.86,8.26,37.25,1.36,65.4,20.3,17,9.13,10.36,0.55,0.6,2.8,0.41,32,824.1,118.6,Medium
479,29.51,10.48,37.96,2.25,50.7,41.1,25,8.94,9.44,3.97,1.15,2.8,0.38,34,896.0,105.5,High
480,22.37,10.98,30.71,2.18,65.5,49.1,17,8.91,11.65,3.33,0.53,0.38,0.25,100,419.9,468.6,Medium
481,24.07,9.67,38.36,0.87,54.1,33.1,22,8.32,15.13,1.5,4.11,1.15,0.62,15,619.2,151.4,Low
482,25.13,11.85,24.4,2.11,67.3,27.0,9,8.17,12.31,2.78,0.69,0.08,1.77,43,772.3,278.3,Medium
483,21.27,8.53,32.89,1.42,68.8,41.1,12,8.14,14.22,1.07,3.74,2.57,1.55,72,1283.2,426.1,Medium
484,24.04,8.38,22.12,1.47,51.3,44.5,20,9.17,13.64,4.03,0.24,1.08,1.47,18,1408.2,455.7,Medium
485,23.35,11.64,28.49,0.77,58.2,36.4,24,9.11,9.18,0.69,4.74,1.89,1.59,69,1016.9,307.8,Medium
486,28.42,10.48,29.33,0.66,69.6,49.0,23,8.5,16.91,0.22,3.56,2.14,0.54,58,713.4,326.0,Low
487,14.73,11.44,29.92,1.96,58.6,21.6,10,8.01,9.33,2.36,0.03,1.29,1.77,60,530.2,367.9,Low
488,18.5,10.17,35.91,1.49,67.0,35.1,21,8.41,16.74,2.71,3.82,0.92,0.27,69,1476.8,484.6,Low
489,29.21,9.23,29.77,1.37,61.0,41.6,17,8.79,13.4,2.69,2.57,2.89,0.67,79,1477.9,341.1,Medium
490,28.24,12.1,30.97,1.96,56.3,45.9,9,8.53,16.71,0.43,3.9,2.89,1.17,46,1402.5,323.8,Low
491,21.29,12.0,26.75,2.03,54.3,25.4,9,9.05,9.92,1.55,2.61,0.87,0.21,40,1221.4,105.8,Medium
492,23.92,11.47,29.47,0.82,52.5,44.0,22,9.4,12.92,2.35,3.21,1.44,1.46,50,623.5,132.4,Medium
493,18.44,9.36,26.55,1.72,64.8,36.6,11,8.11,10.36,1.13,3.93,2.92,0.77,71,1262.1,330.9,Medium
494,17.01,10.95,23.46,0.77,56.5,31.9,16,8.54,9.41,3.95,2.03,0.01,1.57,67,731.4,474.5,Low
495,21.42,9.8,34.07,2.0,59.2,24.0,25,8.49,13.94,0.57,0.01,1.24,0.99,23,624.8,446.7,Medium
496,19.65,8.46,35.36,1.81,58.8,46.0,10,8.29,10.66,2.3,4.25,0.3,0.36,45,1168.3,493.0,Medium
497,23.34,12.59,34.39,2.41,60.7,24.7,25,8.12,13.7,3.17,1.9,1.53,1.47,45,303.6,311.1,Medium
498,15.24,8.68,31.27,0.64,67.0,29.3,17,7.91,9.9,1.33,2.48,0.07,0.5,88,263.1,415.2,Low
499,29.59,12.75,29.6,0.61,69.6,28.7,8,9.22,11.66,2.88,0.04,1.22,0.98,17,782.3,436.2,High
500,29.78,10.23,39.27,1.06,57.0,46.1,16,8.47,15.25,3.77,2.46,0.66,0.15,35,779.3,359.2,Low
